Division;Ponderacion;Glosa;Indice;Variación Mensual;Variación Acumulada;Variacion a 12 meses;Incidencia Mensual;Incidencia Acumulada;Incidencia a 12 meses
ALIMENTOS Y BEBIDAS NO ALCOHOLICAS;0.20255;ARROZ;106.38;-0.3;6.1;-;-0.001;0.012;-
ALIMENTOS Y BEBIDAS NO ALCOHOLICAS;0.09708;HARINA;106.39;0.3;4.8;-;0;0.005;-
ALIMENTOS Y BEBIDAS NO ALCOHOLICAS;0.18699;CEREAL;103.92;-0.3;1.9;-;0;0.003;-
ALIMENTOS Y BEBIDAS NO ALCOHOLICAS;2.09319;PAN;106.09;0.1;5;-;0.003;0.104;-
ALIMENTOS Y BEBIDAS NO ALCOHOLICAS;0.36509;GALLETA;110.95;1.5;7.1;-;0.006;0.026;-
ALIMENTOS Y BEBIDAS NO ALCOHOLICAS;0.52671;PRODUCTOS DE REPOSTERÍA;109.52;4.7;8.3;-;0.025;0.043;-
ALIMENTOS Y BEBIDAS NO ALCOHOLICAS;0.0803;MASAS SALADAS PREPARADAS;104.02;1;2;-;0.001;0.002;-
ALIMENTOS Y BEBIDAS NO ALCOHOLICAS;0.07019;SNACK;109.18;0.9;4.6;-;0.001;0.003;-
ALIMENTOS Y BEBIDAS NO ALCOHOLICAS;0.28993;PASTAS;109.11;0.9;10.1;-;0.003;0.028;-
ALIMENTOS Y BEBIDAS NO ALCOHOLICAS;1.71291;CARNE DE VACUNO;105.4;1.5;4.6;-;0.026;0.079;-
ALIMENTOS Y BEBIDAS NO ALCOHOLICAS;0.47526;CARNE DE CERDO;123.65;10.7;16.4;-;0.054;0.082;-
ALIMENTOS Y BEBIDAS NO ALCOHOLICAS;0.10209;CARNE DE PAVO;122.12;10.4;25.3;-;0.011;0.025;-
ALIMENTOS Y BEBIDAS NO ALCOHOLICAS;0.96033;CARNE DE POLLO;111.02;1.9;6.2;-;0.019;0.061;-
ALIMENTOS Y BEBIDAS NO ALCOHOLICAS;1.03909;CECINAS;112.28;2.9;11.8;-;0.031;0.122;-
ALIMENTOS Y BEBIDAS NO ALCOHOLICAS;0.09243;HAMBURGUESA;99.55;-1.5;-1.4;-;-0.001;-0.001;-
ALIMENTOS Y BEBIDAS NO ALCOHOLICAS;0.25941;PESCADOS;111.86;-0.4;6;-;-0.001;0.016;-
ALIMENTOS Y BEBIDAS NO ALCOHOLICAS;0.08985;MARISCOS;122.67;1.7;19.7;-;0.002;0.018;-
ALIMENTOS Y BEBIDAS NO ALCOHOLICAS;0.18753;PESCADOS EN CONSERVA;109.97;-0.4;7.6;-;-0.001;0.014;-
ALIMENTOS Y BEBIDAS NO ALCOHOLICAS;0.03186;MARISCOS EN CONSERVA;115.16;1.8;10.6;-;0.001;0.003;-
ALIMENTOS Y BEBIDAS NO ALCOHOLICAS;0.20152;LECHE EN POLVO;110.12;0.7;7.9;-;0.001;0.016;-
ALIMENTOS Y BEBIDAS NO ALCOHOLICAS;0.48949;LECHE LÍQUIDA;110.03;-1;7.7;-;-0.005;0.038;-
ALIMENTOS Y BEBIDAS NO ALCOHOLICAS;0.06545;LECHE CONSERVADA;115.16;0.2;12.3;-;0;0.008;-
ALIMENTOS Y BEBIDAS NO ALCOHOLICAS;0.41984;YOGHURT;107.08;0.6;4.2;-;0.003;0.018;-
ALIMENTOS Y BEBIDAS NO ALCOHOLICAS;0.06563;POSTRES LÁCTEOS;107.07;-0.3;7.1;-;0;0.005;-
ALIMENTOS Y BEBIDAS NO ALCOHOLICAS;0.74586;QUESO;109.45;0.9;3.2;-;0.007;0.025;-
ALIMENTOS Y BEBIDAS NO ALCOHOLICAS;0.33391;HUEVOS;110.98;1.6;6.3;-;0.006;0.022;-
ALIMENTOS Y BEBIDAS NO ALCOHOLICAS;0.12314;MANTEQUILLA;115.08;0.8;9.5;-;0.001;0.012;-
ALIMENTOS Y BEBIDAS NO ALCOHOLICAS;0.11859;MARGARINA;105.78;0.8;3.1;-;0.001;0.004;-
ALIMENTOS Y BEBIDAS NO ALCOHOLICAS;0.3455;ACEITE VEGETAL;102.41;-2.5;3.1;-;-0.009;0.01;-
ALIMENTOS Y BEBIDAS NO ALCOHOLICAS;0.09812;MANZANA;99.7;5.7;-11.7;-;0.005;-0.013;-
ALIMENTOS Y BEBIDAS NO ALCOHOLICAS;0.09246;NARANJA;118.09;2.3;11.1;-;0.002;0.011;-
ALIMENTOS Y BEBIDAS NO ALCOHOLICAS;0.03001;PERA;106.95;-0.2;-7.7;-;0;-0.003;-
ALIMENTOS Y BEBIDAS NO ALCOHOLICAS;0.12176;PLÁTANO;117.46;12.1;6.1;-;0.015;0.008;-
ALIMENTOS Y BEBIDAS NO ALCOHOLICAS;0.4521;FRUTAS DE ESTACIÓN;129.17;1.7;5.4;-;0.009;0.03;-
ALIMENTOS Y BEBIDAS NO ALCOHOLICAS;0.09986;FRUTOS SECOS;100.9;-1.5;-3;-;-0.001;-0.003;-
ALIMENTOS Y BEBIDAS NO ALCOHOLICAS;0.04825;FRUTAS EN CONSERVA;106.08;-2.5;4.9;-;-0.001;0.002;-
ALIMENTOS Y BEBIDAS NO ALCOHOLICAS;0.04338;ACELGA Y ESPINACA;103.27;-0.7;-2.1;-;0;-0.001;-
ALIMENTOS Y BEBIDAS NO ALCOHOLICAS;0.13287;CEBOLLA Y CEBOLLÍN;93.95;0.2;1;-;0;0.001;-
ALIMENTOS Y BEBIDAS NO ALCOHOLICAS;0.18688;LECHUGA;96.36;-3.1;3.7;-;-0.005;0.006;-
ALIMENTOS Y BEBIDAS NO ALCOHOLICAS;0.10457;LIMÓN;95.35;4.4;-3.2;-;0.004;-0.003;-
ALIMENTOS Y BEBIDAS NO ALCOHOLICAS;0.28423;PALTA;120.48;6.5;32.4;-;0.02;0.083;-
ALIMENTOS Y BEBIDAS NO ALCOHOLICAS;0.04971;PIMENTÓN Y PIMIENTO;104.86;10.2;18.3;-;0.005;0.008;-
ALIMENTOS Y BEBIDAS NO ALCOHOLICAS;0.36505;TOMATE;130.9;32.6;35.2;-;0.112;0.122;-
ALIMENTOS Y BEBIDAS NO ALCOHOLICAS;0.08384;ZANAHORIA;118.1;1.5;6.6;-;0.001;0.006;-
ALIMENTOS Y BEBIDAS NO ALCOHOLICAS;0.09787;ZAPALLO;97.12;13.1;-36;-;0.011;-0.053;-
ALIMENTOS Y BEBIDAS NO ALCOHOLICAS;0.03843;ZAPALLO ITALIANO;119.95;6.8;66.8;-;0.003;0.018;-
ALIMENTOS Y BEBIDAS NO ALCOHOLICAS;0.31022;VERDURAS DE ESTACIÓN;121.82;2;14.7;-;0.007;0.048;-
ALIMENTOS Y BEBIDAS NO ALCOHOLICAS;0.10244;VERDURAS CONGELADAS;101.23;-1;1;-;-0.001;0.001;-
ALIMENTOS Y BEBIDAS NO ALCOHOLICAS;0.04408;VERDURAS EN CONSERVA;105.6;2;3.2;-;0.001;0.001;-
ALIMENTOS Y BEBIDAS NO ALCOHOLICAS;0.0851;VERDURAS ENCURTIDAS;100.9;-4.7;-2.1;-;-0.004;-0.002;-
ALIMENTOS Y BEBIDAS NO ALCOHOLICAS;0.13135;LEGUMBRES;102.3;-0.6;-1.9;-;-0.001;-0.003;-
ALIMENTOS Y BEBIDAS NO ALCOHOLICAS;0.43184;PAPA;108.07;4.5;-8;-;0.019;-0.04;-
ALIMENTOS Y BEBIDAS NO ALCOHOLICAS;0.04535;PAPAS CONGELADAS Y DESHIDRATADAS;107.42;-1.3;6.8;-;-0.001;0.003;-
ALIMENTOS Y BEBIDAS NO ALCOHOLICAS;0.10198;PAPAS FRITAS;104.26;-2.7;2;-;-0.003;0.002;-
ALIMENTOS Y BEBIDAS NO ALCOHOLICAS;0.18716;AZÚCAR;104.24;-0.4;6.3;-;-0.001;0.011;-
ALIMENTOS Y BEBIDAS NO ALCOHOLICAS;0.04802;ENDULZANTE;102.57;3;6.2;-;0.001;0.003;-
ALIMENTOS Y BEBIDAS NO ALCOHOLICAS;0.07548;MERMELADA;112.98;3.2;12;-;0.003;0.009;-
ALIMENTOS Y BEBIDAS NO ALCOHOLICAS;0.05107;MANJAR Y DULCES UNTABLES;109.4;-0.1;9.8;-;0;0.005;-
ALIMENTOS Y BEBIDAS NO ALCOHOLICAS;0.10911;CARAMELOS Y GOMA DE MASCAR;107.28;1.1;5;-;0.001;0.006;-
ALIMENTOS Y BEBIDAS NO ALCOHOLICAS;0.22919;CHOCOLATE;114.05;1.3;9.4;-;0.003;0.022;-
ALIMENTOS Y BEBIDAS NO ALCOHOLICAS;0.23645;HELADO;104.92;-0.4;3.8;-;-0.001;0.009;-
ALIMENTOS Y BEBIDAS NO ALCOHOLICAS;0.02917;SAL;108.05;2.7;6.5;-;0.001;0.002;-
ALIMENTOS Y BEBIDAS NO ALCOHOLICAS;0.08718;HIERBAS. ESPECIAS Y CONDIMENTOS;101.92;-1.5;1.6;-;-0.001;0.001;-
ALIMENTOS Y BEBIDAS NO ALCOHOLICAS;0.11455;SALSAS;106.59;1.9;6.8;-;0.002;0.008;-
ALIMENTOS Y BEBIDAS NO ALCOHOLICAS;0.17015;ADEREZOS;109.24;1.5;5.3;-;0.003;0.009;-
ALIMENTOS Y BEBIDAS NO ALCOHOLICAS;0.09836;SOPAS Y CREMAS;98.87;-1.6;-2;-;-0.001;-0.002;-
ALIMENTOS Y BEBIDAS NO ALCOHOLICAS;0.10014;ALIMENTOS PARA BEBÉ;103.32;-1.5;2.9;-;-0.001;0.003;-
ALIMENTOS Y BEBIDAS NO ALCOHOLICAS;0.08158;POSTRES NO LÁCTEOS;102.77;1;2.1;-;0.001;0.002;-
ALIMENTOS Y BEBIDAS NO ALCOHOLICAS;0.15833;CAFÉ Y SUCEDÁNEOS;102.67;-1;1.7;-;-0.002;0.003;-
ALIMENTOS Y BEBIDAS NO ALCOHOLICAS;0.16294;TÉ;111.88;1.5;11.7;-;0.003;0.019;-
ALIMENTOS Y BEBIDAS NO ALCOHOLICAS;0.0448;SABORIZANTE PARA LECHE;104.07;0.4;1.4;-;0;0.001;-
ALIMENTOS Y BEBIDAS NO ALCOHOLICAS;0.10971;AGUA EMBOTELLADA;106.86;-0.3;4.1;-;0;0.005;-
ALIMENTOS Y BEBIDAS NO ALCOHOLICAS;1.13388;BEBIDA GASEOSA;107.63;1.9;6.1;-;0.022;0.07;-
ALIMENTOS Y BEBIDAS NO ALCOHOLICAS;0.0401;BEBIDA ISOTÓNICA Y ENERGIZANTE;98.54;-1.9;-2.4;-;-0.001;-0.001;-
ALIMENTOS Y BEBIDAS NO ALCOHOLICAS;0.30547;JUGO LÍQUIDO;105.93;0.4;3.9;-;0.001;0.012;-
ALIMENTOS Y BEBIDAS NO ALCOHOLICAS;0.13224;JUGO EN POLVO;102.97;-0.4;4.6;-;0;0.006;-
BEBIDAS ALCOHOLICAS Y TABACO;0.22614;PISCO;127.19;-0.9;19.4;-;-0.002;0.046;-
BEBIDAS ALCOHOLICAS Y TABACO;0.12946;RON;104.97;-2.1;4.6;-;-0.003;0.006;-
BEBIDAS ALCOHOLICAS Y TABACO;0.0638;WHISKY;109.79;-0.1;5.5;-;0;0.004;-
BEBIDAS ALCOHOLICAS Y TABACO;0.05182;VODKA;103.2;-2.4;1.2;-;-0.001;0.001;-
BEBIDAS ALCOHOLICAS Y TABACO;0.64213;VINO;95.09;-1.1;-4.3;-;-0.007;-0.027;-
BEBIDAS ALCOHOLICAS Y TABACO;0.0483;VINO ESPUMOSO;104.94;-0.7;6.7;-;0;0.003;-
BEBIDAS ALCOHOLICAS Y TABACO;0.63816;CERVEZA;106.83;0.4;6.7;-;0.003;0.042;-
BEBIDAS ALCOHOLICAS Y TABACO;1.51213;CIGARRILLOS;117.1;0;10;-;0;0.159;-
VESTUARIO Y CALZADO;0.04405;TELAS PARA CONFECCIÓN DE VESTUARIO;100.34;-0.3;0.5;-;0;0;-
VESTUARIO Y CALZADO;0.28889;ROPA DE ABRIGO PARA HOMBRE;96.73;-0.8;-1.1;-;-0.002;-0.003;-
VESTUARIO Y CALZADO;0.2354;PANTALON LARGO Y CORTO PARA HOMBRE;98.83;1.4;-3.9;-;0.003;-0.009;-
VESTUARIO Y CALZADO;0.27707;CAMISA Y POLERA PARA HOMBRE;93.56;1.1;-3.2;-;0.003;-0.008;-
VESTUARIO Y CALZADO;0.0315;TRAJES O AMBOS DE HOMBRE;94.49;2.4;-3.5;-;0.001;-0.001;-
VESTUARIO Y CALZADO;0.07802;ROPA INTERIOR Y DE DORMIR PARA HOMBRE;102.2;1.5;-0.9;-;0.001;-0.001;-
VESTUARIO Y CALZADO;0.40449;ROPA DE ABRIGO PARA MUJER;87.91;-1.8;-6.2;-;-0.006;-0.023;-
VESTUARIO Y CALZADO;0.33274;PANTALÓN Y FALDA PARA MUJER;89.73;-0.4;-8.4;-;-0.001;-0.027;-
VESTUARIO Y CALZADO;0.36805;BLUSA Y POLERA PARA MUJER;85.92;-2.8;-11.4;-;-0.009;-0.04;-
VESTUARIO Y CALZADO;0.13069;CONJUNTO Y VESTIDO PARA MUJER;99.62;0;-0.2;-;0;0;-
VESTUARIO Y CALZADO;0.02529;ROPA DEPORTIVA Y DE BAÑO PARA MUJER;101.22;0.6;-8.3;-;0;-0.002;-
VESTUARIO Y CALZADO;0.1494;ROPA INTERIOR Y DE DORMIR PARA MUJER;101.26;2.4;1.1;-;0.003;0.002;-
VESTUARIO Y CALZADO;0.08405;ROPA DE ABRIGO INFANTIL;98.78;0.6;2.5;-;0;0.002;-
VESTUARIO Y CALZADO;0.11514;PANTALÓN. FALDA Y VESTIDO INFANTIL;103.56;0.2;4.1;-;0;0.005;-
VESTUARIO Y CALZADO;0.10053;CAMISA Y POLERA INFANTIL;100.86;1.4;0.5;-;0.001;0;-
VESTUARIO Y CALZADO;0.03595;ROPA DEPORTIVA. SHORTS. BERMUDAS Y TRAJES DE BAÑO INFANTIL;93.59;2.5;-0.5;-;0.001;0;-
VESTUARIO Y CALZADO;0.06856;ROPA INTERIOR Y DE DORMIR INFANTIL;101.95;1.4;1;-;0.001;0.001;-
VESTUARIO Y CALZADO;0.02027;ROPA DE ABRIGO PARA LACTANTE;97.55;-2.5;-1.2;-;0;0;-
VESTUARIO Y CALZADO;0.04348;CONJUNTO PARA LACTANTE;103.69;7;2.3;-;0.003;0.001;-
VESTUARIO Y CALZADO;0.04294;ROPA INTERIOR Y DE DORMIR PARA LACTANTE;100;2.7;1.6;-;0.001;0.001;-
VESTUARIO Y CALZADO;0.1407;UNIFORME ESCOLAR;102.28;0;2.6;-;0;0.004;-
VESTUARIO Y CALZADO;0.02941;ROPA DEPORTIVA ESCOLAR;105.33;0;5.3;-;0;0.002;-
VESTUARIO Y CALZADO;0.05232;ARTÍCULOS PARA REPARACIÓN DE VESTUARIO;104.06;0.9;3.6;-;0;0.002;-
VESTUARIO Y CALZADO;0.10338;ACCESORIOS DE VESTIR;95.83;0.9;-1.7;-;0.001;-0.002;-
VESTUARIO Y CALZADO;0.0478;SERVICIO DE LIMPIEZA DE VESTUARIO;110.52;0;7.4;-;0;0.004;-
VESTUARIO Y CALZADO;0.02856;SERVICIO DE REPARACIÓN DE VESTUARIO;105.72;-0.3;1.4;-;0;0;-
VESTUARIO Y CALZADO;0.19217;ZAPATILLAS PARA HOMBRE;89.04;0;-6;-;0;-0.011;-
VESTUARIO Y CALZADO;0.18006;ZAPATOS PARA HOMBRE;82.82;1.4;-6.7;-;0.002;-0.011;-
VESTUARIO Y CALZADO;0.02234;CALZADO DE ESTACIÓN PARA HOMBRE;91.26;0.1;-7.4;-;0;-0.002;-
VESTUARIO Y CALZADO;0.11821;ZAPATILLAS PARA MUJER;95.83;0.6;-4.6;-;0.001;-0.005;-
VESTUARIO Y CALZADO;0.16239;ZAPATOS PARA MUJER;79.24;4.8;-15.4;-;0.006;-0.023;-
VESTUARIO Y CALZADO;0.2419;CALZADO DE ESTACIÓN PARA MUJER;92.97;0.7;-8.5;-;0.002;-0.021;-
VESTUARIO Y CALZADO;0.1449;ZAPATILLA INFANTIL;85.52;1.8;-8.6;-;0.002;-0.012;-
VESTUARIO Y CALZADO;0.09317;ZAPATO INFANTIL;78.52;0.7;-14.4;-;0;-0.012;-
VESTUARIO Y CALZADO;0.04822;CALZADO DE ESTACIÓN INFANTIL;92.83;0;-5.9;-;0;-0.003;-
VIVIENDA Y SERVICIOS BÁSICOS;4.16621;ARRIENDO;107.39;0.6;5.2;-;0.025;0.219;-
VIVIENDA Y SERVICIOS BÁSICOS;0.44885;MATERIALES PARA LA REPARACIÓN DE LA VIVIENDA;106.28;0;1.6;-;0;0.008;-
VIVIENDA Y SERVICIOS BÁSICOS;0.20695;PINTURA Y BARNIZ;111.8;-0.1;6.9;-;0;0.015;-
VIVIENDA Y SERVICIOS BÁSICOS;0.13368;GRIFERIA Y ACCESORIOS;101.08;1;0.2;-;0.001;0;-
VIVIENDA Y SERVICIOS BÁSICOS;0.03766;SELLANTES Y PEGAMENTOS;104.77;0.6;4.3;-;0;0.002;-
VIVIENDA Y SERVICIOS BÁSICOS;0.97474;SERVICIOS PARA LA CONSERVACIÓN Y REPARACIÓN DE LA VIVIENDA;111.08;0.2;6;-;0.002;0.061;-
VIVIENDA Y SERVICIOS BÁSICOS;1.85621;AGUA POTABLE;106.71;0.1;3.9;-;0.002;0.074;-
VIVIENDA Y SERVICIOS BÁSICOS;0.13524;SERVICIO DE RETIRO DE BASURA;107.13;1.7;5;-;0.002;0.007;-
VIVIENDA Y SERVICIOS BÁSICOS;0.10934;SERVICIO DE ALARMA PARA LA VIVIENDA;106.66;0.2;5.2;-;0;0.006;-
VIVIENDA Y SERVICIOS BÁSICOS;0.95161;GASTO COMÚN;106.79;-0.1;5.5;-;-0.001;0.052;-
VIVIENDA Y SERVICIOS BÁSICOS;2.69314;ELECTRICIDAD;100.7;0.2;0.6;-;0.004;0.016;-
VIVIENDA Y SERVICIOS BÁSICOS;0.6949;GAS POR RED;108.78;0.1;11.5;-;0.001;0.077;-
VIVIENDA Y SERVICIOS BÁSICOS;1.05361;GAS LICUADO;104.09;-1.1;-8.6;-;-0.011;-0.102;-
VIVIENDA Y SERVICIOS BÁSICOS;0.14527;CARBÓN;114.26;-0.7;13.2;-;-0.001;0.019;-
VIVIENDA Y SERVICIOS BÁSICOS;0.03447;PARAFINA;116.72;0.2;10.7;-;0;0.004;-
VIVIENDA Y SERVICIOS BÁSICOS;0.18622;LEÑA;106.26;-0.7;7.1;-;-0.001;0.013;-
EQUIPAMIENTO Y MANTENCIÓN DEL HOGAR;0.29935;CAMA;101.78;0.9;3.7;-;0.002;0.011;-
EQUIPAMIENTO Y MANTENCIÓN DEL HOGAR;0.07599;COLCHÓN;102.22;-0.5;4.1;-;0;0.003;-
EQUIPAMIENTO Y MANTENCIÓN DEL HOGAR;0.13894;MUEBLES DE COMEDOR;105.33;1.7;6;-;0.002;0.008;-
EQUIPAMIENTO Y MANTENCIÓN DEL HOGAR;0.06734;MUEBLES PARA COCINA;104.9;0.4;5.5;-;0;0.004;-
EQUIPAMIENTO Y MANTENCIÓN DEL HOGAR;0.3419;MUEBLES PARA LIVING;104.16;0.5;3.9;-;0.002;0.013;-
EQUIPAMIENTO Y MANTENCIÓN DEL HOGAR;0.07948;ALFOMBRA Y OTROS REVESTIMIENTOS PARA PISOS;85.95;4.6;-11.9;-;0.003;-0.009;-
EQUIPAMIENTO Y MANTENCIÓN DEL HOGAR;0.07102;LÁMPARA;104.82;3.1;4.4;-;0.002;0.003;-
EQUIPAMIENTO Y MANTENCIÓN DEL HOGAR;0.13233;ARTÍCULOS ORNAMENTALES;94.2;2.2;-5.1;-;0.003;-0.007;-
EQUIPAMIENTO Y MANTENCIÓN DEL HOGAR;0.04053;SERVICIO DE REPARACIÓN DE MUEBLES;110.5;0.9;5.6;-;0;0.002;-
EQUIPAMIENTO Y MANTENCIÓN DEL HOGAR;0.17929;TEXTILES PARA CAMA;94.56;-0.5;-3.1;-;-0.001;-0.005;-
EQUIPAMIENTO Y MANTENCIÓN DEL HOGAR;0.0553;TEXTILES PARA BAÑO Y COCINA;102.38;0.1;1.3;-;0;0.001;-
EQUIPAMIENTO Y MANTENCIÓN DEL HOGAR;0.05703;TEXTILES PARA LIVING Y COMEDOR;104.33;0.5;1.8;-;0;0.001;-
EQUIPAMIENTO Y MANTENCIÓN DEL HOGAR;0.04883;CALEFÓN;103.21;-0.4;4.1;-;0;0.002;-
EQUIPAMIENTO Y MANTENCIÓN DEL HOGAR;0.08625;COCINA;99.67;-0.8;5.5;-;-0.001;0.004;-
EQUIPAMIENTO Y MANTENCIÓN DEL HOGAR;0.10669;ARTÍCULOS PARA CALEFACCIÓN DEL HOGAR;103.92;0;5.3;-;0;0.006;-
EQUIPAMIENTO Y MANTENCIÓN DEL HOGAR;0.03728;HORNO MICROONDAS;109.09;-0.3;10.5;-;0;0.004;-
EQUIPAMIENTO Y MANTENCIÓN DEL HOGAR;0.20342;LAVADORA;93.68;-1.4;0.4;-;-0.003;0.001;-
EQUIPAMIENTO Y MANTENCIÓN DEL HOGAR;0.20451;REFRIGERADOR;98.24;-0.6;3.8;-;-0.001;0.007;-
EQUIPAMIENTO Y MANTENCIÓN DEL HOGAR;0.07779;ELECTRODOMÉSTICOS PEQUEÑOS DE COCINA;103.76;-0.6;3.8;-;0;0.003;-
EQUIPAMIENTO Y MANTENCIÓN DEL HOGAR;0.03235;PLANCHA;101.55;0.1;3.4;-;0;0.001;-
EQUIPAMIENTO Y MANTENCIÓN DEL HOGAR;0.09233;PROCESADOR DE ALIMENTOS;103.85;0.1;4.2;-;0;0.004;-
EQUIPAMIENTO Y MANTENCIÓN DEL HOGAR;0.05318;SERVICIO DE REPARACIÓN DE LÍNEA BLANCA Y ELECTRODOMÉSTICOS;103.91;0.3;2.9;-;0;0.002;-
EQUIPAMIENTO Y MANTENCIÓN DEL HOGAR;0.12202;VAJILLA;101.71;1.1;3.8;-;0.001;0.004;-
EQUIPAMIENTO Y MANTENCIÓN DEL HOGAR;0.06212;OLLA Y SARTÉN;98.8;0.6;0.3;-;0;0;-
EQUIPAMIENTO Y MANTENCIÓN DEL HOGAR;0.10934;UTENSILIOS DE COCINA;101.1;-1.2;0.8;-;-0.001;0.001;-
EQUIPAMIENTO Y MANTENCIÓN DEL HOGAR;0.10442;HERRAMIENTAS ELÉCTRICAS;100.92;0.1;4;-;0;0.004;-
EQUIPAMIENTO Y MANTENCIÓN DEL HOGAR;0.08669;HERRAMIENTAS MANUALES;105.37;1.1;4;-;0.001;0.003;-
EQUIPAMIENTO Y MANTENCIÓN DEL HOGAR;0.05384;ACCESORIOS DE ILUMINACIÓN;106.65;0.3;7.3;-;0;0.004;-
EQUIPAMIENTO Y MANTENCIÓN DEL HOGAR;0.05872;ARTÍCULOS DE CERRAJERÍA;103.78;1;4.2;-;0.001;0.002;-
EQUIPAMIENTO Y MANTENCIÓN DEL HOGAR;0.05269;ACCESORIOS ELÉCTRICOS;111.03;0.4;4.5;-;0;0.002;-
EQUIPAMIENTO Y MANTENCIÓN DEL HOGAR;0.03695;PILAS;105.42;0.3;1.9;-;0;0.001;-
EQUIPAMIENTO Y MANTENCIÓN DEL HOGAR;0.0742;AROMATIZADOR Y DESINFECTANTE AMBIENTAL;104.87;2.9;2.2;-;0.002;0.002;-
EQUIPAMIENTO Y MANTENCIÓN DEL HOGAR;0.50908;DETERGENTE Y SUAVIZANTE PARA ROPA;109.63;0.2;7.3;-;0.001;0.038;-
EQUIPAMIENTO Y MANTENCIÓN DEL HOGAR;0.07218;LAVALOZA;106.69;-0.5;4.2;-;0;0.003;-
EQUIPAMIENTO Y MANTENCIÓN DEL HOGAR;0.06054;LIMPIADOR DE PISO;111.56;2.4;10.9;-;0.001;0.007;-
EQUIPAMIENTO Y MANTENCIÓN DEL HOGAR;0.12725;LIMPIADOR MULTIUSO;105.8;0.7;2.9;-;0.001;0.004;-
EQUIPAMIENTO Y MANTENCIÓN DEL HOGAR;0.0374;INSECTICIDAS Y SIMILARES;99.95;0.5;-1.8;-;0;-0.001;-
EQUIPAMIENTO Y MANTENCIÓN DEL HOGAR;0.04251;ARTÍCULOS PARA LIMPIEZA DE PISO;103.1;-1.4;-0.1;-;-0.001;0;-
EQUIPAMIENTO Y MANTENCIÓN DEL HOGAR;0.08081;ARTÍCULOS PARA LIMPIEZA DE BAÑO Y COCINA;104.65;0.1;4.9;-;0;0.004;-
EQUIPAMIENTO Y MANTENCIÓN DEL HOGAR;0.20352;SERVILLETAS  Y TOALLA DE PAPEL;103.83;-1.2;3.8;-;-0.002;0.008;-
EQUIPAMIENTO Y MANTENCIÓN DEL HOGAR;2.645;SERVICIO DOMÉSTICO;106.95;0.3;4.3;-;0.008;0.115;-
SALUD;0.12351;MEDICAMENTOS ANTIINFECCIOSOS. ANTIVIRALES Y ANTIFUNGICOS;111.58;1.1;10.8;-;0.001;0.013;-
SALUD;0.19489;MEDICAMENTOS PARA EL APARATO CARDIOVASCULAR;114.43;4.5;12.9;-;0.009;0.025;-
SALUD;0.22127;HORMONAS Y MEDICAMENTOS PARA EL SISTEMA GENITO-URINARIO;105.22;1.4;-3.1;-;0.003;-0.007;-
SALUD;0.15446;MEDICAMENTOS ANTIINFLAMATORIOS NO CORTICOIDES. ANTIMIGRAÑOSOS Y  SISTEMA OSTEO-MUSCULAR;105.93;-0.1;5.3;-;0;0.008;-
SALUD;0.17269;MEDICAMENTOS PARA EL SISTEMA RESPIRATORIO;105.93;2.1;2;-;0.004;0.004;-
SALUD;0.12814;MEDICAMENTOS DERMATOLÓGICOS. DESINFECTANTES Y ANTISÉPTICOS;99.03;0;2.6;-;0;0.003;-
SALUD;0.33919;MEDICAMENTOS PARA EL SISTEMA NERVIOSO CENTRAL;101.29;0.6;3.1;-;0.002;0.01;-
SALUD;0.28326;MEDICAMENTOS PARA EL APARATO DIGESTIVO Y METABÓLICO;110.77;0.6;9.8;-;0.002;0.028;-
SALUD;0.06047;PREPARADOS OFTALMOLÓGICOS;116.87;0.5;30.3;-;0;0.016;-
SALUD;0.05785;MEDICAMENTOS PARA EL TRATAMIENTO DEL CÁNCER. MODIFICADORES DEL SISTEMA INMUNE Y FÁRMACOS UTILIZADOS EN LOS CUIDADOS PALIATIVOS DEL DOLOR;109.81;1.6;22.2;-;0.001;0.011;-
SALUD;0.13803;MEDICAMENTOS HOMEOPÁTICOS Y SUPLEMENTOS ALIMENTICIOS;99.63;-1.7;-5.9;-;-0.002;-0.008;-
SALUD;0.07038;PRODUCTOS PARA LA CURACIÓN DE HERIDAS;105.56;-0.6;3.2;-;0;0.002;-
SALUD;0.02387;PRESERVATIVOS;101.76;-2.5;0.3;-;-0.001;0;-
SALUD;0.50613;LENTES DE CORRECCIÓN;103.26;-0.1;5;-;-0.001;0.025;-
SALUD;0.05727;ARTÍCULOS PARA MEDIR PARÁMETROS DE SALUD;102.87;0;1.1;-;0;0.001;-
SALUD;0.94911;CONSULTA MÉDICA;105.53;0;4.5;-;0;0.043;-
SALUD;0.26675;PROCEDIMIENTO E INTERVENCIÓN QUIRÚRGICA  AMBULATORIA;107.03;0;5.7;-;0;0.015;-
SALUD;0.99702;CONSULTA Y TRATAMIENTO ODONTOLÓGICO;99.8;0;-1.1;-;0;-0.011;-
SALUD;0.37042;EXAMEN DE  IMAGENOLOGÍA Y RADIOLOGÍA;102.84;0;2.3;-;0;0.009;-
SALUD;0.24539;EXAMEN DE LABORATORIO CLÍNICO;102.55;0;2.1;-;0;0.005;-
SALUD;0.25481;SERVICIO DE OTROS PROFESIONALES DE LA SALUD;102.76;0;1.5;-;0;0.004;-
SALUD;0.8264;SERVICIO DE HOSPITALIZACIÓN;105.96;0;4.9;-;0;0.04;-
TRANSPORTE;4.05431;AUTOMÓVIL NUEVO;106.3;3.7;4.7;-;0.146;0.191;-
TRANSPORTE;0.2291;AUTOMÓVIL USADO;91.95;-0.2;-3.9;-;0;-0.008;-
TRANSPORTE;0.10059;MOTOCICLETA;102.23;-0.7;2.6;-;-0.001;0.003;-
TRANSPORTE;0.06734;BICICLETA;105.6;1;4.9;-;0.001;0.003;-
TRANSPORTE;0.07214;REPUESTOS PARA EL FUNCIONAMIENTO ELÉCTRICO DEL AUTOMÓVIL;105.96;-0.5;8.3;-;0;0.006;-
TRANSPORTE;0.13063;NEUMÁTICOS Y LLANTAS;91.58;0.6;-4.9;-;0.001;-0.006;-
TRANSPORTE;0.23917;REPUESTOS Y ACCESORIOS PARA EL FUNCIONAMIENTO MECÁNICO DEL AUTOMÓVIL;105.16;-0.2;9.9;-;-0.001;0.022;-
TRANSPORTE;3.49526;GASOLINA;111.76;1.6;11.3;-;0.06;0.392;-
TRANSPORTE;0.33069;PETRÓLEO DIÉSEL;110.52;0.8;6.4;-;0.003;0.022;-
TRANSPORTE;0.02288;LUBRICANTES Y ACEITES PARA EL AUTOMÓVIL;103.79;0;3.9;-;0;0.001;-
TRANSPORTE;0.82061;SERVICIO DE MANTENCIÓN Y REPARACIÓN DEL AUTOMÓVIL;105.53;0.7;4.4;-;0.005;0.036;-
TRANSPORTE;0.03122;SERVICIO DE LAVADO DEL AUTOMÓVIL;108.86;0.6;5.7;-;0;0.002;-
TRANSPORTE;0.21545;SERVICIO DE ESTACIONAMIENTO;108.23;0;6.1;-;0;0.013;-
TRANSPORTE;0.27651;SERVICIO DE PEAJE;104.5;0;4.1;-;0;0.011;-
TRANSPORTE;0.03039;LICENCIA DE CONDUCIR;108.8;0.2;6.4;-;0;0.002;-
TRANSPORTE;0.06476;REVISIÓN TÉCNICA DEL AUTOMÓVIL;103.37;0;0.8;-;0;0.001;-
TRANSPORTE;0.72155;SERVICIO DE TRANSPORTE EN TAXI COLECTIVO;109.84;0.3;6.1;-;0.002;0.045;-
TRANSPORTE;0.23806;SERVICIO DE TRANSPORTE EN TAXI;110.3;1.1;8.4;-;0.003;0.02;-
TRANSPORTE;0.27799;SERVICIO DE TRANSPORTE ESCOLAR;111.06;0;9.1;-;0;0.025;-
TRANSPORTE;0.61669;SERVICIO DE TRANSPORTE EN MICROBUS;111.46;0.9;8.3;-;0.006;0.052;-
TRANSPORTE;0.03145;SERVICIO DE TRANSFER;113.21;5.1;10.9;-;0.002;0.003;-
TRANSPORTE;0.59102;SERVICIO DE TRANSPORTE EN BUS INTERURBANO;114.23;10;4.3;-;0.059;0.028;-
TRANSPORTE;0.52102;SERVICIO DE TRANSPORTE AÉREO;103.04;-5.4;-4.3;-;-0.03;-0.024;-
TRANSPORTE;1.29498;SERVICIO DE TRANSPORTE MULTIMODAL;104.75;1.6;3.2;-;0.02;0.042;-
COMUNICACIONES;0.40978;EQUIPO DE TELEFONÍA MÓVIL;79.37;-1.9;-9.1;-;-0.006;-0.032;-
COMUNICACIONES;0.1487;SERVICIO DE CONEXIÓN INTERNET;100.14;0;-1.2;-;0;-0.002;-
COMUNICACIONES;0.07845;SERVICIO DE BANDA ANCHA MÓVIL;99.57;0;-0.3;-;0;0;-
COMUNICACIONES;2.39372;SERVICIO DE PACK DE TELECOMUNICACIONES;101.7;0;1.1;-;-0.001;0.027;-
COMUNICACIONES;1.69432;SERVICIO DE TELEFONÍA MÓVIL;99.01;0.5;-1.2;-;0.008;-0.021;-
COMUNICACIONES;0.27567;SERVICIO DE TELEFONÍA FIJA;74.24;0;-25.2;-;0;-0.068;-
RECREACIÓN Y CULTURA;0.59118;TELEVISOR;86.41;-2;-4.5;-;-0.01;-0.024;-
RECREACIÓN Y CULTURA;0.05292;EQUIPO DE SONIDO;92.97;-0.1;-3.5;-;0;-0.002;-
RECREACIÓN Y CULTURA;0.06258;REPRODUCTOR PORTÁTIL DE AUDIO Y VIDEO;92.88;0.1;-5.6;-;0;-0.003;-
RECREACIÓN Y CULTURA;0.17316;CÁMARA FOTOGRÁFICA;90.23;2.8;-7.7;-;0.004;-0.013;-
RECREACIÓN Y CULTURA;0.81448;COMPUTADOR;100.82;-1;-1.3;-;-0.008;-0.01;-
RECREACIÓN Y CULTURA;0.05974;IMPRESORA;99.95;0.2;2.9;-;0;0.002;-
RECREACIÓN Y CULTURA;0.06772;MÚSICA Y PELÍCULA DIGITAL;101.85;1.5;1.3;-;0.001;0.001;-
RECREACIÓN Y CULTURA;0.05451;UNIDAD DE ALMACENAMIENTO DIGITAL;95.15;-0.2;-1.7;-;0;-0.001;-
RECREACIÓN Y CULTURA;0.41018;JUGUETES;98.33;1.4;0.5;-;0.005;0.002;-
RECREACIÓN Y CULTURA;0.08555;CONSOLA DE VIDEOJUEGO;97.3;0.6;1.9;-;0.001;0.002;-
RECREACIÓN Y CULTURA;0.11613;IMPLEMENTOS DEPORTIVOS;98.5;-0.4;1.4;-;0;0.002;-
RECREACIÓN Y CULTURA;0.04637;ARTÍCULOS DE CAMPING;94.16;0;-5.2;-;0;-0.002;-
RECREACIÓN Y CULTURA;0.16551;INSTRUMENTOS MUSICALES;108.49;0;13.9;-;0;0.022;-
RECREACIÓN Y CULTURA;0.0965;FLORES;102.34;-0.1;6.6;-;0;0.006;-
RECREACIÓN Y CULTURA;0.03693;PLANTAS;108.12;1.3;5.6;-;0;0.002;-
RECREACIÓN Y CULTURA;0.02273;TIERRA Y FERTILIZANTE;101.23;-1.3;1.1;-;0;0;-
RECREACIÓN Y CULTURA;0.44273;ALIMENTOS PARA MASCOTAS;104.29;0;3.3;-;0;0.014;-
RECREACIÓN Y CULTURA;0.05453;ACCESORIOS PARA MASCOTAS;103.57;1.7;1.2;-;0.001;0.001;-
RECREACIÓN Y CULTURA;0.10615;SERVICIOS VETERINARIOS;107.34;0.9;4.7;-;0.001;0.005;-
RECREACIÓN Y CULTURA;0.08011;SERVICIOS PRESTADOS POR CENTROS RECREATIVOS;107.51;0.2;3.5;-;0;0.003;-
RECREACIÓN Y CULTURA;0.03141;ENTRADA PARA ESPECTÁCULOS DEPORTIVOS;111.37;2.1;9.5;-;0.001;0.003;-
RECREACIÓN Y CULTURA;0.05159;ENTRADA A CENTROS DE DIVERSIÓN NOCTURNOS;103.6;2.5;1.3;-;0.001;0.001;-
RECREACIÓN Y CULTURA;0.09675;SERVICIOS DE FIESTAS DE CUMPLEAÑOS;107.05;0.6;5.7;-;0.001;0.005;-
RECREACIÓN Y CULTURA;0.35184;GIMNASIOS;105.47;0.1;1.4;-;0;0.005;-
RECREACIÓN Y CULTURA;0.11711;CLASES DEPORTIVAS;106.57;0.5;4.6;-;0.001;0.005;-
RECREACIÓN Y CULTURA;0.07188;CLASES RECREATIVAS;101.13;0;0.5;-;0;0;-
RECREACIÓN Y CULTURA;0.16505;ENTRADA AL CINE;107.61;-0.3;1.5;-;0;0.003;-
RECREACIÓN Y CULTURA;0.2289;ENTRADA A ESPECTÁCULOS;94.81;-1.6;6.1;-;-0.003;0.012;-
RECREACIÓN Y CULTURA;0.02362;SERVICIO DE REVELADO FOTOGRÁFICO;106.76;0.5;5;-;0;0.001;-
RECREACIÓN Y CULTURA;0.39448;SERVICIO DE TELEVISIÓN PAGADA RESIDENCIAL;101.2;0;1.2;-;0;0.005;-
RECREACIÓN Y CULTURA;0.04685;JUEGOS DE AZAR;119.52;0;19.5;-;0;0.009;-
RECREACIÓN Y CULTURA;0.22115;TEXTO ESCOLAR;104.21;0;3.8;-;0;0.008;-
RECREACIÓN Y CULTURA;0.23462;LIBRO;101.15;0;0.8;-;0;0.002;-
RECREACIÓN Y CULTURA;0.07671;DIARIO;105.17;5.2;5.2;-;0.004;0.004;-
RECREACIÓN Y CULTURA;0.17421;CUADERNO;101.99;1.3;2.5;-;0.002;0.004;-
RECREACIÓN Y CULTURA;0.10495;MATERIALES PARA ARTES MANUALES;108.23;1.2;6.3;-;0.001;0.007;-
RECREACIÓN Y CULTURA;0.04327;ARTÍCULOS DE ESCRITORIO;104.16;0.1;3.5;-;0;0.001;-
RECREACIÓN Y CULTURA;0.78711;PAQUETE TURÍSTICO;110.93;2.2;4.6;-;0.018;0.038;-
EDUCACIÓN;0.27873;SERVICIO DE EDUCACIÓN DE JARDÍN INFANTIL;108.23;0;7.7;-;0;0.021;-
EDUCACIÓN;0.21168;SERVICIO DE EDUCACIÓN DE TRANSICIÓN;106.5;0;5.4;-;0;0.011;-
EDUCACIÓN;0.6516;SERVICIO DE EDUCACIÓN DE 1° CICLO DE LA ENSEÑANZA BÁSICA;105.66;0;4.5;-;0;0.029;-
EDUCACIÓN;0.96802;SERVICIO DE EDUCACIÓN DE 2° CICLO DE LA ENSEÑANZA BÁSICA;106;0;4.8;-;0;0.046;-
EDUCACIÓN;0.7535;SERVICIO DE EDUCACIÓN DE LA ENSEÑANZA MEDIA;106.85;0;5.9;-;0;0.044;-
EDUCACIÓN;0.10966;SERVICIO DE PRE UNIVERSITARIO;105.18;0;3;-;0;0.003;-
EDUCACIÓN;0.09196;SERVICIO DE ENSEÑANZA EN CENTROS DE FORMACIÓN TÉCNICA;106.95;0;6.5;-;0;0.006;-
EDUCACIÓN;0.76304;SERVICIO DE ENSEÑANZA EN INSTITUTO PROFESIONAL;104.58;0;3.4;-;0;0.026;-
EDUCACIÓN;4.04827;SERVICIO DE ENSEÑANZA UNIVERSITARIA;106;0;5;-;0;0.203;-
EDUCACIÓN;0.10781;SERVICIO DE ENSEÑANZA DE POST GRADO Y POSTÍTULO;109.08;0;7;-;0;0.008;-
EDUCACIÓN;0.10569;CURSOS DE CAPACITACIÓN;111.62;-0.1;12.3;-;0;0.013;-
RESTAURANTES Y HOTELES;0.02877;DESAYUNO CONSUMIDO FUERA DEL HOGAR;108.75;0.8;5.4;-;0;0.002;-
RESTAURANTES Y HOTELES;2.05863;ALMUERZO  Y CENAS CONSUMIDO FUERA DEL HOGAR;108.69;0.6;4.1;-;0.013;0.086;-
RESTAURANTES Y HOTELES;0.07144;ONCE CONSUMIDA FUERA DEL HOGAR;108.5;0.6;4.6;-;0;0.003;-
RESTAURANTES Y HOTELES;0.52042;SANDWICH Y COMPLETO CONSUMIDO FUERA DEL HOGAR;109.47;0.6;5.6;-;0.003;0.03;-
RESTAURANTES Y HOTELES;0.1679;BEBIDA ALCOHÓLICA CONSUMIDA FUERA DEL HOGAR;106.5;0.9;4.2;-;0.001;0.007;-
RESTAURANTES Y HOTELES;0.21428;BEBIDA NO ALCOHÓLICA CONSUMIDA FUERA DEL HOGAR;109.14;1;6.6;-;0.002;0.014;-
RESTAURANTES Y HOTELES;0.07165;HELADOS Y POSTRES CONSUMIDOS FUERA DEL HOGAR;108.16;0.3;2.8;-;0;0.002;-
RESTAURANTES Y HOTELES;0.11422;EMPANADAS PARA LLEVAR;112.91;1.7;7.6;-;0.002;0.009;-
RESTAURANTES Y HOTELES;0.1139;PAPAS FRITAS PARA LLEVAR;110.25;0.3;6;-;0;0.007;-
RESTAURANTES Y HOTELES;0.5921;PLATOS PREPARADOS PARA LLEVAR;110.19;3.3;5.7;-;0.02;0.035;-
RESTAURANTES Y HOTELES;0.42123;SERVICIO DE ALOJAMIENTO TURÍSTICO;104.49;0.3;0.6;-;0.001;0.003;-
BIENES Y SERVICIOS DIVERSOS;0.31079;SERVICIOS DE PELUQUERÍA;106.37;0.2;3.9;-;0.001;0.012;-
BIENES Y SERVICIOS DIVERSOS;0.09569;SERVICIOS  EN CENTROS DE ESTÉTICA;105.67;0.3;3.5;-;0;0.003;-
BIENES Y SERVICIOS DIVERSOS;0.03406;AFEITADORA Y DEPILADORA ELÉCTRICA;100.75;0.6;8.4;-;0;0.003;-
BIENES Y SERVICIOS DIVERSOS;0.06907;MÁQUINA DE AFEITAR DESECHABLE;107.13;-0.2;5.6;-;0;0.004;-
BIENES Y SERVICIOS DIVERSOS;0.04045;ARTÍCULOS DIVERSOS PARA EL CUIDADO PERSONAL;104.1;0;1.3;-;0;0.001;-
BIENES Y SERVICIOS DIVERSOS;0.03152;BLOQUEADORES Y BRONCEADORES;96.41;1.6;-2.3;-;0;-0.001;-
BIENES Y SERVICIOS DIVERSOS;0.23605;COLONIAS Y PERFUMES;101.7;2.4;2.4;-;0.005;0.005;-
BIENES Y SERVICIOS DIVERSOS;0.16724;DESODORANTES Y ANTITRANSPIRANTES;102.28;-5;-1.2;-;-0.009;-0.002;-
BIENES Y SERVICIOS DIVERSOS;0.16213;PRODUCTOS DE HIGIENE BUCAL;108.24;0;4.6;-;0;0.008;-
BIENES Y SERVICIOS DIVERSOS;0.37394;PAPEL HIGIÉNICO;107.98;0.2;5.7;-;0.001;0.021;-
BIENES Y SERVICIOS DIVERSOS;0.09615;JABÓN;101.54;-1.1;-0.6;-;-0.001;-0.001;-
BIENES Y SERVICIOS DIVERSOS;0.36327;PAÑALES DESECHABLES;107.24;0.8;4.5;-;0.003;0.017;-
BIENES Y SERVICIOS DIVERSOS;0.08505;PROTECCIÓN HIGIÉNICA FEMENINA;104.24;-1.7;4.6;-;-0.001;0.004;-
BIENES Y SERVICIOS DIVERSOS;0.24225;SHAMPOO Y BÁLSAMO;101.99;-0.3;1.1;-;-0.001;0.003;-
BIENES Y SERVICIOS DIVERSOS;0.20305;CREMAS PARA LA PIEL;104.47;1.8;3.9;-;0.004;0.008;-
BIENES Y SERVICIOS DIVERSOS;0.1216;PRODUCTOS DE MAQUILLAJE;103.84;0;3.3;-;0;0.004;-
BIENES Y SERVICIOS DIVERSOS;0.14949;TINTURAS Y FIJADORES;101.64;2;-1;-;0.003;-0.002;-
BIENES Y SERVICIOS DIVERSOS;0.16196;JOYAS;104.95;1.3;4.8;-;0.002;0.008;-
BIENES Y SERVICIOS DIVERSOS;0.04785;RELOJ  DE PULSERA;101.71;0.7;1.8;-;0;0.001;-
BIENES Y SERVICIOS DIVERSOS;0.29367;CARTERAS Y BOLSOS;92.71;1.1;-5.3;-;0.003;-0.015;-
BIENES Y SERVICIOS DIVERSOS;0.05334;COCHE PARA BEBÉ;98.24;-0.3;0;-;0;0;-
BIENES Y SERVICIOS DIVERSOS;0.05781;LENTES DE SOL;85.75;0.4;-4.3;-;0;-0.002;-
BIENES Y SERVICIOS DIVERSOS;0.48124;SEGURO DE AUTOMÓVIL;106.93;1.5;12.2;-;0.007;0.055;-
BIENES Y SERVICIOS DIVERSOS;2.42126;GASTO FINANCIERO;102.33;0.1;1.8;-;0.002;0.044;-
BIENES Y SERVICIOS DIVERSOS;0.04235;SERVICIO DE EMISIÓN DE CERTIFICADO;100;0;0;-;0;0;-
BIENES Y SERVICIOS DIVERSOS;0.04891;SERVICIO DE FOTOCOPIADO;104.84;0.9;4.8;-;0;0.002;-
BIENES Y SERVICIOS DIVERSOS;0.09976;MEMBRESÍA EN ASOCIACIÓN PROFESIONAL;102.09;0;2.1;-;0;0.002;-
BIENES Y SERVICIOS DIVERSOS;0.09312;SERVICIO NOTARIAL;104.19;-0.1;2.4;-;0;0.002;-
BIENES Y SERVICIOS DIVERSOS;0.30811;SERVICIO FUNERARIO;116.27;0.8;8.5;-;0.003;0.028;-
BIENES Y SERVICIOS DIVERSOS;0.02915;SERVICIOS DE ASESORAMIENTO JURÍDICO;100.83;-0.4;0.4;-;0;0;-
BIENES Y SERVICIOS DIVERSOS;0.0675;CUOTAS EN CENTROS DE PADRES Y APODERADOS;104.18;0;3.4;-;0;0.002;-
BIENES Y SERVICIOS DIVERSOS;0.07087;SERVICIO DE RESIDENCIAS PARA ADULTOS MAYORES;108.54;0.8;5;-;0.001;0.004;-
BIENES Y SERVICIOS DIVERSOS;0.09879;SERVICIO DE SALA CUNA;107.72;0.1;6.9;-;0;0.007;-
